{"cameraMode":{"drawMode":0,"name":"Shaded","section":"Shading Mode"},"sceneLighting":false,"audioPlay":false,"sceneViewState":{"m_AlwaysRefresh":false,"showFog":true,"showSkybox":false,"showFlares":true,"showImageEffects":true,"showParticleSystems":true,"showVisualEffectGraphs":true,"m_FxEnabled":true},"in2DMode":false,"pivot":{"x":-13.226544380187989,"y":7.630417823791504,"z":0.27258700132369997},"rotation":{"x":0.022998476400971414,"y":0.38284385204315188,"z":-0.009532896801829338,"w":0.9234810471534729},"size":11.559782028198243,"orthographic":true}